Team,Logo
Duke,https://a.espncdn.com/i/teamlogos/ncaa/500/150.png
Houston,https://a.espncdn.com/i/teamlogos/ncaa/500/248.png
Auburn,https://a.espncdn.com/i/teamlogos/ncaa/500/2.png
Florida,https://a.espncdn.com/i/teamlogos/ncaa/500/57.png
Alabama,https://a.espncdn.com/i/teamlogos/ncaa/500/333.png
Tennessee,https://a.espncdn.com/i/teamlogos/ncaa/500/2633.png
Iowa St.,https://a.espncdn.com/i/teamlogos/ncaa/500/66.png
Texas Tech,https://a.espncdn.com/i/teamlogos/ncaa/500/2641.png
Gonzaga,https://a.espncdn.com/i/teamlogos/ncaa/500/2250.png
Arizona,https://a.espncdn.com/i/teamlogos/ncaa/500/12.png
Michigan St.,https://a.espncdn.com/i/teamlogos/ncaa/500/127.png
Kansas,https://a.espncdn.com/i/teamlogos/ncaa/500/2305.png
Kentucky,https://a.espncdn.com/i/teamlogos/ncaa/500/96.png
Maryland,https://a.espncdn.com/i/teamlogos/ncaa/500/120.png
Clemson,https://a.espncdn.com/i/teamlogos/ncaa/500/228.png
St. John's,https://a.espncdn.com/i/teamlogos/ncaa/500/2599.png
Connecticut,https://a.espncdn.com/i/teamlogos/ncaa/500/41.png
Purdue,https://a.espncdn.com/i/teamlogos/ncaa/500/2509.png
Marquette,https://a.espncdn.com/i/teamlogos/ncaa/500/269.png
Texas A&M,https://a.espncdn.com/i/teamlogos/ncaa/500/245.png
Illinois,https://a.espncdn.com/i/teamlogos/ncaa/500/356.png
Baylor,https://a.espncdn.com/i/teamlogos/ncaa/500/239.png
Wisconsin,https://a.espncdn.com/i/teamlogos/ncaa/500/275.png
BYU,https://a.espncdn.com/i/teamlogos/ncaa/500/252.png
UCLA,https://a.espncdn.com/i/teamlogos/ncaa/500/26.png
Creighton,https://a.espncdn.com/i/teamlogos/ncaa/500/156.png
Louisville,https://a.espncdn.com/i/teamlogos/ncaa/500/97.png
North Carolina,https://a.espncdn.com/i/teamlogos/ncaa/500/153.png
Saint Mary's,https://a.espncdn.com/i/teamlogos/ncaa/500/2608.png
Missouri,https://a.espncdn.com/i/teamlogos/ncaa/500/142.png
Ole Miss,https://a.espncdn.com/i/teamlogos/ncaa/500/145.png
VCU,https://a.espncdn.com/i/teamlogos/ncaa/500/2670.png
Michigan,https://a.espncdn.com/i/teamlogos/ncaa/500/130.png
Oregon,https://a.espncdn.com/i/teamlogos/ncaa/500/2483.png
Ohio St.,https://a.espncdn.com/i/teamlogos/ncaa/500/194.png
Texas,https://a.espncdn.com/i/teamlogos/ncaa/500/251.png
Mississippi St.,https://a.espncdn.com/i/teamlogos/ncaa/500/344.png
Georgia,https://a.espncdn.com/i/teamlogos/ncaa/500/61.png
Xavier,https://a.espncdn.com/i/teamlogos/ncaa/500/2752.png
Cincinnati,https://a.espncdn.com/i/teamlogos/ncaa/500/2132.png
Villanova,https://a.espncdn.com/i/teamlogos/ncaa/500/222.png
Memphis,https://a.espncdn.com/i/teamlogos/ncaa/500/235.png
Arkansas,https://a.espncdn.com/i/teamlogos/ncaa/500/8.png
Utah St.,https://a.espncdn.com/i/teamlogos/ncaa/500/328.png
Oklahoma,https://a.espncdn.com/i/teamlogos/ncaa/500/201.png
SMU,https://a.espncdn.com/i/teamlogos/ncaa/500/2567.png
New Mexico,https://a.espncdn.com/i/teamlogos/ncaa/500/167.png
West Virginia,https://a.espncdn.com/i/teamlogos/ncaa/500/277.png
Northwestern,https://a.espncdn.com/i/teamlogos/ncaa/500/77.png
Pittsburgh,https://a.espncdn.com/i/teamlogos/ncaa/500/221.png
San Diego St.,https://a.espncdn.com/i/teamlogos/ncaa/500/21.png
Indiana,https://a.espncdn.com/i/teamlogos/ncaa/500/84.png
Boise St.,https://a.espncdn.com/i/teamlogos/ncaa/500/68.png
Vanderbilt,https://a.espncdn.com/i/teamlogos/ncaa/500/238.png
Nebraska,https://a.espncdn.com/i/teamlogos/ncaa/500/158.png
Colorado St.,https://a.espncdn.com/i/teamlogos/ncaa/500/36.png
Penn St.,https://a.espncdn.com/i/teamlogos/ncaa/500/213.png
Utah,https://a.espncdn.com/i/teamlogos/ncaa/500/254.png
UC San Diego,https://a.espncdn.com/i/teamlogos/ncaa/500/28.png
Iowa,https://a.espncdn.com/i/teamlogos/ncaa/500/2294.png
USC,https://a.espncdn.com/i/teamlogos/ncaa/500/30.png
Wake Forest,https://a.espncdn.com/i/teamlogos/ncaa/500/154.png
Kansas St.,https://a.espncdn.com/i/teamlogos/ncaa/500/2306.png
Yale,https://a.espncdn.com/i/teamlogos/ncaa/500/43.png
Butler,https://a.espncdn.com/i/teamlogos/ncaa/500/2086.png
McNeese St.,https://a.espncdn.com/i/teamlogos/ncaa/500/2377.png
TCU,https://a.espncdn.com/i/teamlogos/ncaa/500/2628.png
LSU,https://a.espncdn.com/i/teamlogos/ncaa/500/99.png
Santa Clara,https://a.espncdn.com/i/teamlogos/ncaa/500/2541.png
Saint Joseph's,https://a.espncdn.com/i/teamlogos/ncaa/500/2603.png
UCF,https://a.espncdn.com/i/teamlogos/ncaa/500/2116.png
Dayton,https://a.espncdn.com/i/teamlogos/ncaa/500/2168.png
Drake,https://a.espncdn.com/i/teamlogos/ncaa/500/2181.png
Rutgers,https://a.espncdn.com/i/teamlogos/ncaa/500/164.png
George Mason,https://a.espncdn.com/i/teamlogos/ncaa/500/2244.png
Arizona St.,https://a.espncdn.com/i/teamlogos/ncaa/500/9.png
Nevada,https://a.espncdn.com/i/teamlogos/ncaa/500/2440.png
North Texas,https://a.espncdn.com/i/teamlogos/ncaa/500/249.png
San Francisco,https://a.espncdn.com/i/teamlogos/ncaa/500/2539.png
South Carolina,https://a.espncdn.com/i/teamlogos/ncaa/500/2579.png
High Point,https://a.espncdn.com/i/teamlogos/ncaa/500/2272.png
Georgetown,https://a.espncdn.com/i/teamlogos/ncaa/500/46.png
Providence,https://a.espncdn.com/i/teamlogos/ncaa/500/2507.png
Florida St.,https://a.espncdn.com/i/teamlogos/ncaa/500/52.png
Notre Dame,https://a.espncdn.com/i/teamlogos/ncaa/500/87.png
Liberty,https://a.espncdn.com/i/teamlogos/ncaa/500/2335.png
Arkansas St.,https://a.espncdn.com/i/teamlogos/ncaa/500/2032.png
Minnesota,https://a.espncdn.com/i/teamlogos/ncaa/500/135.png
Colorado,https://a.espncdn.com/i/teamlogos/ncaa/500/38.png
Bradley,https://a.espncdn.com/i/teamlogos/ncaa/500/71.png
Stanford,https://a.espncdn.com/i/teamlogos/ncaa/500/24.png
Grand Canyon,https://a.espncdn.com/i/teamlogos/ncaa/500/2253.png
UNLV,https://a.espncdn.com/i/teamlogos/ncaa/500/2439.png
North Carolina St.,https://a.espncdn.com/i/teamlogos/ncaa/500/152.png
UC Irvine,https://a.espncdn.com/i/teamlogos/ncaa/500/300.png
Syracuse,https://a.espncdn.com/i/teamlogos/ncaa/500/183.png
Georgia Tech,https://a.espncdn.com/i/teamlogos/ncaa/500/59.png
Oregon St.,https://a.espncdn.com/i/teamlogos/ncaa/500/204.png
Virginia,https://a.espncdn.com/i/teamlogos/ncaa/500/258.png
Florida Atlantic,https://a.espncdn.com/i/teamlogos/ncaa/500/2226.png
Oklahoma St.,https://a.espncdn.com/i/teamlogos/ncaa/500/197.png
Loyola Chicago,https://a.espncdn.com/i/teamlogos/ncaa/500/2350.png
UAB,https://a.espncdn.com/i/teamlogos/ncaa/500/5.png
Lipscomb,https://a.espncdn.com/i/teamlogos/ncaa/500/288.png
Washington,https://a.espncdn.com/i/teamlogos/ncaa/500/264.png
California,https://a.espncdn.com/i/teamlogos/ncaa/500/25.png
UNC Wilmington,https://a.espncdn.com/i/teamlogos/ncaa/500/350.png
St. Bonaventure,https://a.espncdn.com/i/teamlogos/ncaa/500/179.png
Saint Louis,https://a.espncdn.com/i/teamlogos/ncaa/500/139.png
DePaul,https://a.espncdn.com/i/teamlogos/ncaa/500/305.png
Troy,https://a.espncdn.com/i/teamlogos/ncaa/500/2653.png
Northern Iowa,https://a.espncdn.com/i/teamlogos/ncaa/500/2460.png
George Washington,https://a.espncdn.com/i/teamlogos/ncaa/500/45.png
Washington St.,https://a.espncdn.com/i/teamlogos/ncaa/500/265.png
Akron,https://a.espncdn.com/i/teamlogos/ncaa/500/2006.png
Samford,https://a.espncdn.com/i/teamlogos/ncaa/500/2535.png
Duquesne,https://a.espncdn.com/i/teamlogos/ncaa/500/2184.png
Cornell,https://a.espncdn.com/i/teamlogos/ncaa/500/172.png
Miami FL,https://a.espncdn.com/i/teamlogos/ncaa/500/2390.png
Murray St.,https://a.espncdn.com/i/teamlogos/ncaa/500/93.png
Virginia Tech,https://a.espncdn.com/i/teamlogos/ncaa/500/259.png
Wichita St.,https://a.espncdn.com/i/teamlogos/ncaa/500/2724.png
Charleston,https://a.espncdn.com/i/teamlogos/ncaa/500/232.png
Illinois St.,https://a.espncdn.com/i/teamlogos/ncaa/500/2287.png
Rhode Island,https://a.espncdn.com/i/teamlogos/ncaa/500/227.png
Kent St.,https://a.espncdn.com/i/teamlogos/ncaa/500/2309.png
UNC Greensboro,https://a.espncdn.com/i/teamlogos/ncaa/500/2430.png
Cal St. Northridge,https://a.espncdn.com/i/teamlogos/ncaa/500/2463.png
Davidson,https://a.espncdn.com/i/teamlogos/ncaa/500/2166.png
Furman,https://a.espncdn.com/i/teamlogos/ncaa/500/231.png
Utah Valley,https://a.espncdn.com/i/teamlogos/ncaa/500/3084.png
Temple,https://a.espncdn.com/i/teamlogos/ncaa/500/218.png
Chattanooga,https://a.espncdn.com/i/teamlogos/ncaa/500/236.png
Northern Colorado,https://a.espncdn.com/i/teamlogos/ncaa/500/2458.png
Princeton,https://a.espncdn.com/i/teamlogos/ncaa/500/163.png
James Madison,https://a.espncdn.com/i/teamlogos/ncaa/500/256.png
Towson,https://a.espncdn.com/i/teamlogos/ncaa/500/119.png
South Alabama,https://a.espncdn.com/i/teamlogos/ncaa/500/6.png
Louisiana Tech,https://a.espncdn.com/i/teamlogos/ncaa/500/2348.png
Middle Tennessee,https://a.espncdn.com/i/teamlogos/ncaa/500/2393.png
Bryant,https://a.espncdn.com/i/teamlogos/ncaa/500/2803.png
Tulane,https://a.espncdn.com/i/teamlogos/ncaa/500/2655.png
Seattle,https://a.espncdn.com/i/teamlogos/ncaa/500/2547.png
Wofford,https://a.espncdn.com/i/teamlogos/ncaa/500/2747.png
Milwaukee,https://a.espncdn.com/i/teamlogos/ncaa/500/270.png
South Florida,https://a.espncdn.com/i/teamlogos/ncaa/500/58.png
Miami OH,https://a.espncdn.com/i/teamlogos/ncaa/500/193.png
Purdue Fort Wayne,https://a.espncdn.com/i/teamlogos/ncaa/500/2870.png
St. Thomas,https://a.espncdn.com/i/teamlogos/ncaa/500/2900.png
Seton Hall,https://a.espncdn.com/i/teamlogos/ncaa/500/2550.png
Jacksonville St.,https://a.espncdn.com/i/teamlogos/ncaa/500/55.png
Ohio,https://a.espncdn.com/i/teamlogos/ncaa/500/195.png
East Tennessee St.,https://a.espncdn.com/i/teamlogos/ncaa/500/2193.png
Illinois Chicago,https://a.espncdn.com/i/teamlogos/ncaa/500/82.png
North Alabama,https://a.espncdn.com/i/teamlogos/ncaa/500/2453.png
Winthrop,https://a.espncdn.com/i/teamlogos/ncaa/500/2737.png
East Carolina,https://a.espncdn.com/i/teamlogos/ncaa/500/151.png
Texas A&M Corpus Chris,https://a.espncdn.com/i/teamlogos/ncaa/500/357.png
UC Santa Barbara,https://a.espncdn.com/i/teamlogos/ncaa/500/2540.png
South Dakota St.,https://a.espncdn.com/i/teamlogos/ncaa/500/2571.png
Boston College,https://a.espncdn.com/i/teamlogos/ncaa/500/103.png
Appalachian St.,https://a.espncdn.com/i/teamlogos/ncaa/500/2026.png
Belmont,https://a.espncdn.com/i/teamlogos/ncaa/500/2057.png
Norfolk St.,https://a.espncdn.com/i/teamlogos/ncaa/500/2450.png
New Mexico St.,https://a.espncdn.com/i/teamlogos/ncaa/500/166.png
Central Connecticut,https://a.espncdn.com/i/teamlogos/ncaa/500/2115.png
Cal Baptist,https://a.espncdn.com/i/teamlogos/ncaa/500/2856.png
Cleveland St.,https://a.espncdn.com/i/teamlogos/ncaa/500/325.png
Loyola Marymount,https://a.espncdn.com/i/teamlogos/ncaa/500/2351.png
Massachusetts,https://a.espncdn.com/i/teamlogos/ncaa/500/113.png
Robert Morris,https://a.espncdn.com/i/teamlogos/ncaa/500/2523.png
Montana St.,https://a.espncdn.com/i/teamlogos/ncaa/500/147.png
Vermont,https://a.espncdn.com/i/teamlogos/ncaa/500/261.png
La Salle,https://a.espncdn.com/i/teamlogos/ncaa/500/2325.png
Drexel,https://a.espncdn.com/i/teamlogos/ncaa/500/2182.png
North Dakota St.,https://a.espncdn.com/i/teamlogos/ncaa/500/2449.png
Radford,https://a.espncdn.com/i/teamlogos/ncaa/500/2515.png
Nicholls St.,https://a.espncdn.com/i/teamlogos/ncaa/500/2447.png
Florida Gulf Coast,https://a.espncdn.com/i/teamlogos/ncaa/500/526.png
Marshall,https://a.espncdn.com/i/teamlogos/ncaa/500/276.png
Dartmouth,https://a.espncdn.com/i/teamlogos/ncaa/500/159.png
Indiana St.,https://a.espncdn.com/i/teamlogos/ncaa/500/282.png
Maine,https://a.espncdn.com/i/teamlogos/ncaa/500/311.png
UTSA,https://a.espncdn.com/i/teamlogos/ncaa/500/2636.png
San Jose St.,https://a.espncdn.com/i/teamlogos/ncaa/500/23.png
Youngstown St.,https://a.espncdn.com/i/teamlogos/ncaa/500/2754.png
Rice,https://a.espncdn.com/i/teamlogos/ncaa/500/242.png
Longwood,https://a.espncdn.com/i/teamlogos/ncaa/500/2344.png
UNC Asheville,https://a.espncdn.com/i/teamlogos/ncaa/500/2427.png
Brown,https://a.espncdn.com/i/teamlogos/ncaa/500/225.png
Kennesaw St.,https://a.espncdn.com/i/teamlogos/ncaa/500/338.png
UMass Lowell,https://a.espncdn.com/i/teamlogos/ncaa/500/2349.png
UC Riverside,https://a.espncdn.com/i/teamlogos/ncaa/500/27.png
Northeastern,https://a.espncdn.com/i/teamlogos/ncaa/500/111.png
Western Kentucky,https://a.espncdn.com/i/teamlogos/ncaa/500/98.png
Texas St.,https://a.espncdn.com/i/teamlogos/ncaa/500/326.png
Montana,https://a.espncdn.com/i/teamlogos/ncaa/500/149.png
Merrimack,https://a.espncdn.com/i/teamlogos/ncaa/500/2771.png
UTEP,https://a.espncdn.com/i/teamlogos/ncaa/500/2638.png
Quinnipiac,https://a.espncdn.com/i/teamlogos/ncaa/500/2514.png
South Carolina St.,https://a.espncdn.com/i/teamlogos/ncaa/500/2569.png
Wyoming,https://a.espncdn.com/i/teamlogos/ncaa/500/2751.png
Sam Houston St.,https://a.espncdn.com/i/teamlogos/ncaa/500/2534.png
Hofstra,https://a.espncdn.com/i/teamlogos/ncaa/500/2275.png
Valparaiso,https://a.espncdn.com/i/teamlogos/ncaa/500/2674.png
Southern Illinois,https://a.espncdn.com/i/teamlogos/ncaa/500/79.png
Oakland,https://a.espncdn.com/i/teamlogos/ncaa/500/2473.png
Elon,https://a.espncdn.com/i/teamlogos/ncaa/500/2210.png
UT Arlington,https://a.espncdn.com/i/teamlogos/ncaa/500/250.png
Kansas City,https://a.espncdn.com/i/teamlogos/ncaa/500/140.png
Nebraska Omaha,https://a.espncdn.com/i/teamlogos/ncaa/500/2437.png
Toledo,https://a.espncdn.com/i/teamlogos/ncaa/500/2649.png
Bucknell,https://a.espncdn.com/i/teamlogos/ncaa/500/2083.png
Wright St.,https://a.espncdn.com/i/teamlogos/ncaa/500/2750.png
Lamar,https://a.espncdn.com/i/teamlogos/ncaa/500/2320.png
Southern,https://a.espncdn.com/i/teamlogos/ncaa/500/2582.png
Campbell,https://a.espncdn.com/i/teamlogos/ncaa/500/2097.png
William & Mary,https://a.espncdn.com/i/teamlogos/ncaa/500/2729.png
Hampton,https://a.espncdn.com/i/teamlogos/ncaa/500/2261.png
Central Michigan,https://a.espncdn.com/i/teamlogos/ncaa/500/2117.png
Portland St.,https://a.espncdn.com/i/teamlogos/ncaa/500/2502.png
Fordham,https://a.espncdn.com/i/teamlogos/ncaa/500/2230.png
Idaho St.,https://a.espncdn.com/i/teamlogos/ncaa/500/304.png
Eastern Kentucky,https://a.espncdn.com/i/teamlogos/ncaa/500/2198.png
Jacksonville,https://a.espncdn.com/i/teamlogos/ncaa/500/294.png
Richmond,https://a.espncdn.com/i/teamlogos/ncaa/500/257.png
Charlotte,https://a.espncdn.com/i/teamlogos/ncaa/500/2429.png
Presbyterian,https://a.espncdn.com/i/teamlogos/ncaa/500/2506.png
Colgate,https://a.espncdn.com/i/teamlogos/ncaa/500/2142.png
Queens,https://a.espncdn.com/i/teamlogos/ncaa/500/2511.png
Southeastern Louisiana,https://a.espncdn.com/i/teamlogos/ncaa/500/2545.png
Northern Kentucky,https://a.espncdn.com/i/teamlogos/ncaa/500/94.png
American,https://a.espncdn.com/i/teamlogos/ncaa/500/44.png
Delaware,https://a.espncdn.com/i/teamlogos/ncaa/500/48.png
Tulsa,https://a.espncdn.com/i/teamlogos/ncaa/500/202.png
Missouri St.,https://a.espncdn.com/i/teamlogos/ncaa/500/2623.png
Columbia,https://a.espncdn.com/i/teamlogos/ncaa/500/171.png
Pepperdine,https://a.espncdn.com/i/teamlogos/ncaa/500/2492.png
SIU Edwardsville,https://a.espncdn.com/i/teamlogos/ncaa/500/2565.png
Monmouth,https://a.espncdn.com/i/teamlogos/ncaa/500/2405.png
Abilene Christian,https://a.espncdn.com/i/teamlogos/ncaa/500/2000.png
Albany,https://a.espncdn.com/i/teamlogos/ncaa/500/399.png
Southeast Missouri,https://a.espncdn.com/i/teamlogos/ncaa/500/2546.png
Harvard,https://a.espncdn.com/i/teamlogos/ncaa/500/108.png
Navy,https://a.espncdn.com/i/teamlogos/ncaa/500/2426.png
Mercer,https://a.espncdn.com/i/teamlogos/ncaa/500/2382.png
Northern Arizona,https://a.espncdn.com/i/teamlogos/ncaa/500/2464.png
Cal Poly,https://a.espncdn.com/i/teamlogos/ncaa/500/13.png
Little Rock,https://a.espncdn.com/i/teamlogos/ncaa/500/2031.png
Weber St.,https://a.espncdn.com/i/teamlogos/ncaa/500/2692.png
Georgia St.,https://a.espncdn.com/i/teamlogos/ncaa/500/2247.png
UC Davis,https://a.espncdn.com/i/teamlogos/ncaa/500/302.png
Georgia Southern,https://a.espncdn.com/i/teamlogos/ncaa/500/290.png
Iona,https://a.espncdn.com/i/teamlogos/ncaa/500/314.png
Cal St. Bakersfield,https://a.espncdn.com/i/teamlogos/ncaa/500/2934.png
Mount St. Mary's,https://a.espncdn.com/i/teamlogos/ncaa/500/116.png
Hawaii,https://a.espncdn.com/i/teamlogos/ncaa/500/62.png
South Dakota,https://a.espncdn.com/i/teamlogos/ncaa/500/233.png
Marist,https://a.espncdn.com/i/teamlogos/ncaa/500/2368.png
Ball St.,https://a.espncdn.com/i/teamlogos/ncaa/500/2050.png
UT Rio Grande Valley,https://a.espncdn.com/i/teamlogos/ncaa/500/292.png
Incarnate Word,https://a.espncdn.com/i/teamlogos/ncaa/500/2916.png
Manhattan,https://a.espncdn.com/i/teamlogos/ncaa/500/2363.png
Saint Peter's,https://a.espncdn.com/i/teamlogos/ncaa/500/2612.png
North Carolina Central,https://a.espncdn.com/i/teamlogos/ncaa/500/2428.png
Gardner Webb,https://a.espncdn.com/i/teamlogos/ncaa/500/2241.png
Tennessee St.,https://a.espncdn.com/i/teamlogos/ncaa/500/2634.png
Sacred Heart,https://a.espncdn.com/i/teamlogos/ncaa/500/2529.png
Evansville,https://a.espncdn.com/i/teamlogos/ncaa/500/339.png
Lehigh,https://a.espncdn.com/i/teamlogos/ncaa/500/2329.png
Penn,https://a.espncdn.com/i/teamlogos/ncaa/500/219.png
Lafayette,https://a.espncdn.com/i/teamlogos/ncaa/500/322.png
UMBC,https://a.espncdn.com/i/teamlogos/ncaa/500/2378.png
Fresno St.,https://a.espncdn.com/i/teamlogos/ncaa/500/278.png
Boston University,https://a.espncdn.com/i/teamlogos/ncaa/500/104.png
Stephen F. Austin,https://a.espncdn.com/i/teamlogos/ncaa/500/2617.png
Bowling Green,https://a.espncdn.com/i/teamlogos/ncaa/500/189.png
Texas Southern,https://a.espncdn.com/i/teamlogos/ncaa/500/2640.png
Siena,https://a.espncdn.com/i/teamlogos/ncaa/500/2561.png
Bethune Cookman,https://a.espncdn.com/i/teamlogos/ncaa/500/2065.png
North Florida,https://a.espncdn.com/i/teamlogos/ncaa/500/2454.png
Northwestern St.,https://a.espncdn.com/i/teamlogos/ncaa/500/2466.png
North Dakota,https://a.espncdn.com/i/teamlogos/ncaa/500/155.png
Alabama St.,https://a.espncdn.com/i/teamlogos/ncaa/500/2011.png
Eastern Michigan,https://a.espncdn.com/i/teamlogos/ncaa/500/2199.png
Idaho,https://a.espncdn.com/i/teamlogos/ncaa/500/70.png
Delaware St.,https://a.espncdn.com/i/teamlogos/ncaa/500/2169.png
Old Dominion,https://a.espncdn.com/i/teamlogos/ncaa/500/295.png
Austin Peay,https://a.espncdn.com/i/teamlogos/ncaa/500/2046.png
Jackson St.,https://a.espncdn.com/i/teamlogos/ncaa/500/2296.png
LIU,https://a.espncdn.com/i/teamlogos/ncaa/500/112358.png
FIU,https://a.espncdn.com/i/teamlogos/ncaa/500/2229.png
Tennessee Martin,https://a.espncdn.com/i/teamlogos/ncaa/500/2630.png
Fairleigh Dickinson,https://a.espncdn.com/i/teamlogos/ncaa/500/161.png
Southern Miss,https://a.espncdn.com/i/teamlogos/ncaa/500/2572.png
Tarleton St.,https://a.espncdn.com/i/teamlogos/ncaa/500/2627.png
Charleston Southern,https://a.espncdn.com/i/teamlogos/ncaa/500/2127.png
Louisiana,https://a.espncdn.com/i/teamlogos/ncaa/500/309.png
Rider,https://a.espncdn.com/i/teamlogos/ncaa/500/2520.png
Fairfield,https://a.espncdn.com/i/teamlogos/ncaa/500/2217.png
Southern Utah,https://a.espncdn.com/i/teamlogos/ncaa/500/253.png
Niagara,https://a.espncdn.com/i/teamlogos/ncaa/500/315.png
Army,https://a.espncdn.com/i/teamlogos/ncaa/500/349.png
Loyola MD,https://a.espncdn.com/i/teamlogos/ncaa/500/2352.png
Western Michigan,https://a.espncdn.com/i/teamlogos/ncaa/500/2711.png
Air Force,https://a.espncdn.com/i/teamlogos/ncaa/500/2005.png
Howard,https://a.espncdn.com/i/teamlogos/ncaa/500/47.png
Eastern Washington,https://a.espncdn.com/i/teamlogos/ncaa/500/331.png
Binghamton,https://a.espncdn.com/i/teamlogos/ncaa/500/2066.png
St. Francis PA,https://a.espncdn.com/i/teamlogos/ncaa/500/2598.png
Portland,https://a.espncdn.com/i/teamlogos/ncaa/500/2501.png
Morehead St.,https://a.espncdn.com/i/teamlogos/ncaa/500/2413.png
Wagner,https://a.espncdn.com/i/teamlogos/ncaa/500/2681.png
Holy Cross,https://a.espncdn.com/i/teamlogos/ncaa/500/107.png
Stony Brook,https://a.espncdn.com/i/teamlogos/ncaa/500/2619.png
Pacific,https://a.espncdn.com/i/teamlogos/ncaa/500/279.png
Grambling St.,https://a.espncdn.com/i/teamlogos/ncaa/500/2755.png
Utah Tech,https://a.espncdn.com/i/teamlogos/ncaa/500/3101.png
Houston Christian,https://a.espncdn.com/i/teamlogos/ncaa/500/2277.png
Oral Roberts,https://a.espncdn.com/i/teamlogos/ncaa/500/198.png
Eastern Illinois,https://a.espncdn.com/i/teamlogos/ncaa/500/2197.png
San Diego,https://a.espncdn.com/i/teamlogos/ncaa/500/301.png
North Carolina A&T,https://a.espncdn.com/i/teamlogos/ncaa/500/2448.png
Long Beach St.,https://a.espncdn.com/i/teamlogos/ncaa/500/299.png
VMI,https://a.espncdn.com/i/teamlogos/ncaa/500/2678.png
Tennessee Tech,https://a.espncdn.com/i/teamlogos/ncaa/500/2635.png
Florida A&M,https://a.espncdn.com/i/teamlogos/ncaa/500/50.png
Alcorn St.,https://a.espncdn.com/i/teamlogos/ncaa/500/2016.png
Stonehill,https://a.espncdn.com/i/teamlogos/ncaa/500/284.png
Coastal Carolina,https://a.espncdn.com/i/teamlogos/ncaa/500/324.png
Lindenwood,https://a.espncdn.com/i/teamlogos/ncaa/500/2815.png
Morgan St.,https://a.espncdn.com/i/teamlogos/ncaa/500/2415.png
Southern Indiana,https://a.espncdn.com/i/teamlogos/ncaa/500/88.png
Denver,https://a.espncdn.com/i/teamlogos/ncaa/500/2172.png
IU Indy,https://a.espncdn.com/i/teamlogos/ncaa/500/85.png
Sacramento St.,https://a.espncdn.com/i/teamlogos/ncaa/500/16.png
Green Bay,https://a.espncdn.com/i/teamlogos/ncaa/500/2739.png
Louisiana Monroe,https://a.espncdn.com/i/teamlogos/ncaa/500/2433.png
USC Upstate,https://a.espncdn.com/i/teamlogos/ncaa/500/2908.png
Western Illinois,https://a.espncdn.com/i/teamlogos/ncaa/500/2710.png
Western Carolina,https://a.espncdn.com/i/teamlogos/ncaa/500/2717.png
Northern Illinois,https://a.espncdn.com/i/teamlogos/ncaa/500/2459.png
West Georgia,https://a.espncdn.com/i/teamlogos/ncaa/500/2698.png
Le Moyne,https://a.espncdn.com/i/teamlogos/ncaa/500/2330.png
NJIT,https://a.espncdn.com/i/teamlogos/ncaa/500/2885.png
Mercyhurst,https://a.espncdn.com/i/teamlogos/ncaa/500/2385.png
Detroit Mercy,https://a.espncdn.com/i/teamlogos/ncaa/500/2174.png
Bellarmine,https://a.espncdn.com/i/teamlogos/ncaa/500/91.png
Texas A&M Commerce,https://a.espncdn.com/i/teamlogos/ncaa/500/2837.png
Central Arkansas,https://a.espncdn.com/i/teamlogos/ncaa/500/2110.png
New Hampshire,https://a.espncdn.com/i/teamlogos/ncaa/500/160.png
Buffalo,https://a.espncdn.com/i/teamlogos/ncaa/500/2084.png
New Orleans,https://a.espncdn.com/i/teamlogos/ncaa/500/2443.png
Stetson,https://a.espncdn.com/i/teamlogos/ncaa/500/56.png
Cal St. Fullerton,https://a.espncdn.com/i/teamlogos/ncaa/500/2239.png
Canisius,https://a.espncdn.com/i/teamlogos/ncaa/500/2099.png
Prairie View A&M,https://a.espncdn.com/i/teamlogos/ncaa/500/2504.png
Alabama A&M,https://a.espncdn.com/i/teamlogos/ncaa/500/2010.png
Chicago St.,https://a.espncdn.com/i/teamlogos/ncaa/500/2130.png
The Citadel,https://a.espncdn.com/i/teamlogos/ncaa/500/2643.png
Maryland Eastern Shore,https://a.espncdn.com/i/teamlogos/ncaa/500/2379.png
Arkansas Pine Bluff,https://a.espncdn.com/i/teamlogos/ncaa/500/2029.png
Coppin St.,https://a.espncdn.com/i/teamlogos/ncaa/500/2154.png
Mississippi Valley St.,https://a.espncdn.com/i/teamlogos/ncaa/500/2400.png
